visit_date,restaurant_name,cuisine_type,music_tag,michelin_tag,city,google_maps_link,notes,hearts,photo_files,cover_photo,lat,lng,arrondissement
2025-08-14,Tanguera,"Argentinian, Peruvian",,,Paris,https://maps.app.goo.gl/3ofi9jodNmNUK6gB9,Great food,3,previews/IMG_7715.jpg|previews/IMG_7719.jpg,previews/IMG_7715.jpg,48.8532444,2.3908357,Paris 11th
2025-09-13,Chez Papa Jazz,French,Jazz,,Paris,https://share.google/WKMX4ucHZeuhZNTIF,,3,previews/IMG_3413.jpg|previews/IMG_3418.jpg|previews/92d3ef3b-a6c0-48a4-abc9-149740fcb08e.jpg,previews/IMG_3413.jpg,48.8553350,2.3334336,Paris 6th
2025-11-07, L’Armateur,French,,,Saint-Malo,https://maps.app.goo.gl/SFLe4yfnqFUB18g67,Tasty meals and friendly staff,3,previews/IMG_8405.jpg|previews/IMG_8409.jpg|previews/IMG_6239.jpg,previews/IMG_8405.jpg,48.648363,-2.024278,Saint-Malo
2025-11-08,Crêperie Le Corps de Garde,French,,,Saint-Malo,https://share.google/KxmYO4F2WYwRR5hp8,,,previews/IMG_8422.jpg,previews/IMG_8422.jpg,48.6490859,-2.0282552,Saint-Malo
2025-11-08,Méson Chalut,French,,Green Star,Saint-Malo,https://share.google/sXsfUdT5bWCtuqLyP,"Michelin guide, green star. Very tasty",3,previews/IMG_6374.jpg|previews/IMG_6368.jpg|previews/IMG_6369.jpg|previews/IMG_6377.jpg,previews/IMG_6368.jpg,48.650421,-2.024831,Saint-Malo
2025-11-18,Ayahuma Restaurant,Ecuadorian,,,Paris,https://maps.app.goo.gl/oC8rhP3RJJSBX5mU7,"Very tasty, with friendly staff",3,previews/IMG_8463.jpg|previews/IMG_8460.jpg|previews/IMG_8467.jpg|previews/IMG_6891.jpg|previews/IMG_6894.jpg|previews/IMG_6895.jpg,previews/IMG_8460.jpg,48.857332,2.385047,Paris 11th
2025-11-22,Fuwa Fuwa,Japanese,,,Paris,https://share.google/sKNwQSKFzCH1S7rIU,Nice fluffy pancakes,,previews/IMG_6973.jpg,previews/IMG_6973.jpg,48.865607,2.333841,Paris 1st
2025-11-24,Donburi Ramen,Japanese,,,Paris,https://share.google/dxxvF9vJUbSbcsoZJ,Very good ramen,1,previews/IMG_8482.jpg,previews/IMG_8482.jpg,48.8577429,2.3794183,Paris 11th
2026-01-11,Big Love,Italian,,,Paris,https://share.google/NELn0DEhUj5pzFI4J,Not as good as it used to be,,previews/IMG_8837.jpg|previews/IMG_8685.jpg,previews/IMG_8837.jpg,48.8620277,2.3635857,Paris 3rd
2026-01-14,Artisan de la Truffe,Italian,,,Paris,https://share.google/Ep6JSafWFVdhSPXd4,Really good risotto,1,previews/IMG_8931.jpg,previews/IMG_8931.jpg,48.860675,2.354811,Paris 4th
2026-01-18,Maison Bichet,French,,,Paris,https://share.google/M9CSJTr6c5UwyhlxA,A bit overrated,,previews/IMG_9096.jpg|previews/IMG_8735.jpg,previews/IMG_9096.jpg,48.8648628,2.3596745,Paris 3rd
2026-01-23,CRAFT,French,,,Chantilly,https://share.google/3Jk4FgynzZnWw8Hzs,Nice 3 course meal,1,previews/IMG_8820.jpg|previews/IMG_8821.jpg|previews/IMG_8822.jpg|previews/IMG_9338.jpg|previews/IMG_8824.jpg,previews/IMG_8820.jpg,49.1943013,2.4660942,Chantilly
2026-01-29,L'Aubergeade,French,,,Paris,https://share.google/YBhaQs1ERqCTPQAfu,Very authentic!,2,previews/IMG_9602.jpg|previews/IMG_9598.jpg|previews/IMG_8848.jpg,previews/IMG_9602.jpg,48.846612,2.383515,Paris 12th
2026-02-07,Honoré,French,,,Paris,https://share.google/hvRfLB7MNmHUHycq7,Restaurant coup de coeur,3,previews/IMG_8969.jpg|previews/IMG_8972.jpg,previews/IMG_8969.jpg,48.866517,2.346596,Paris 2nd
2026-02-08,Café de la paix,,,,Paris,https://share.google/cjgL7zwh5Dm37gin2,The brunch is a bit too expensive,,previews/IMG_8991.jpg|previews/IMG_8988.jpg|previews/IMG_9917.jpg|previews/IMG_9925.jpg,previews/IMG_8988.jpg,48.870768,2.331696,Paris 9th
2026-02-14,Clutch,French,,,Paris,https://share.google/v0VEnVzA6Op7bA85g,,1,previews/IMG_0189.jpg|previews/IMG_0166.jpg|previews/IMG_0164.jpg|previews/IMG_0167.jpg,previews/IMG_0166.jpg,48.850391,2.390143,Paris 11th
2026-02-20,Yansai,Japanese,,,Paris,https://share.google/e6ned5ST4Ba7IaOrI,,,previews/IMG_0474.jpg|previews/IMG_0475.jpg,previews/IMG_0474.jpg,48.8646655,2.3539109,Paris 3rd
2026-02-28,Les Amis Des Messina,Italian,,,Paris,https://maps.app.goo.gl/DXckphQMiUpHGVAe6,"The sardines were meh, the dessert was great!",,previews/IMG_0813.jpg|previews/IMG_0819.jpg,previews/IMG_0813.jpg,48.866925,2.348396,Paris 2nd
2026-03-14,Honoré,French,,,Paris,https://share.google/hvRfLB7MNmHUHycq7,Great food and not pricey,3,previews/IMG_9274.jpg|previews/IMG_9286.jpg|previews/IMG_1294.jpg,previews/IMG_9274.jpg,48.866517,2.346596,Paris 2nd
2026-03-28,Restaurant H,French,,Star,Paris,https://share.google/ry5TJdIOX1sckNlOl,"Michelin star, everything was delicious",3,previews/IMG_1958.jpg|previews/IMG_1956.jpg|previews/IMG_1963.jpg|previews/IMG_9365.jpg|previews/IMG_9372.jpg,previews/IMG_1956.jpg,48.854489,2.367957,Paris 4th
2026-04-02,Le Melville,"Latino, asian",Jazz,,Paris,https://share.google/4t94AaH3iFXPTa3E1,Very nice Jazz restaurant,1,previews/IMG_9406.jpg|previews/IMG_9407.jpg|previews/IMG_9410.jpg|previews/IMG_2130.jpg,previews/IMG_9406.jpg,48.871441,2.312123,Paris 8th
2026-04-04,Nouilles Ban Ban,Chinese,,,Paris,https://maps.app.goo.gl/wLF439FV1cbhqjEm9,"Very nice noodles, but the place is packed  during lunch time",,previews/IMG_2236.jpg|previews/IMG_9424.jpg,previews/IMG_2236.jpg,48.866527,2.337545,Paris 2nd
2026-04-17,Les Frères Cadet,Mix French Asian,,,Paris,https://share.google/CGmG9JmjfKJg9mJtS,,1,previews/IMG_2917.jpg|previews/IMG_2911.jpg|previews/IMG_2913.jpg|previews/IMG_9524.jpg,previews/IMG_2911.jpg,48.8752154,2.3432974,Paris 9th
2026-04-19,Maxim's,French,Piano,,Paris,https://share.google/q1AhA0pztdwbEw2kH,Nice piano and atmosphere. The Food was okay (boeuf Rossini was excellent),,previews/IMG_3100.jpg|previews/IMG_3113.jpg|previews/IMG_9544.jpg|previews/IMG_9545.jpg|previews/IMG_9549.jpg|previews/3e2308b0-1c94-4089-94b9-7af8d82c0bdb.jpg,previews/IMG_3100.jpg,48.867315,2.322225,Paris 8th
2026-04-22,Sphère,French,,,Paris,https://share.google/UwczNkQdSDSqop7nQ,Dessert was amazing but mains varied in quality.,,previews/IMG_9577.jpg|previews/IMG_3291.jpg|previews/IMG_3298.jpg|previews/IMG_9578.jpg|previews/IMG_9582.jpg|previews/IMG_3305.jpg|previews/IMG_3309.jpg,previews/IMG_9577.jpg,48.861484,2.318541,Paris 7th
